1,민들레씨,1,STR_3D_dandelion_animation_1,겁이 많은 민들레씨들이 하늘로 날아가지 못하고 있어요. 용기를 낼 수 있게 매일 창문을 열어 민들레씨들을 도와줄래요?
2,민들레씨,2,STR_3D_dandelion_animation_2,겁이 많은 민들레씨들이 하늘로 날아가지 못하고 있어요. 용기를 낼 수 있게 매일 창문을 열어 민들레씨들을 도와줄래요?
3,민들레씨,3,STR_3D_dandelion_animation_3,겁이 많은 민들레씨들이 하늘로 날아가지 못하고 있어요. 용기를 낼 수 있게 매일 창문을 열어 민들레씨들을 도와줄래요?
4,선인장,1,STR_3D_cactus_animation_1,꿈을 찾으려 먼 사막에서 온 작은 선인장 친구는 자신이 무엇을 좋아하는지 몰라 난처해하고 있어요. 함께 찾아볼까요?
5,선인장,2,STR_3D_cactus_animation_2,꿈을 찾으려 먼 사막에서 온 작은 선인장 친구는 자신이 무엇을 좋아하는지 몰라 난처해하고 있어요. 함께 찾아볼까요?
6,선인장,3,STR_3D_cactus_animation_3,꿈을 찾으려 먼 사막에서 온 작은 선인장 친구는 자신이 무엇을 좋아하는지 몰라 난처해하고 있어요. 함께 찾아볼까요?
7,단풍나무,1,STR_3D_maple_animation_1,부끄럼이 많아 집에만 머무르던 단풍나무가 새로운 곳으로 여행을 떠나보려 해요. 단풍나무와 함께 여행을 준비해볼까요?
8,단풍나무,2,STR_3D_maple_animation_2,부끄럼이 많아 집에만 머무르던 단풍나무가 새로운 곳으로 여행을 떠나보려 해요. 단풍나무와 함께 여행을 준비해볼까요?
9,단풍나무,3,STR_3D_maple_animation_3,부끄럼이 많아 집에만 머무르던 단풍나무가 새로운 곳으로 여행을 떠나보려 해요. 단풍나무와 함께 여행을 준비해볼까요?
10,목화나무,1,STR_3D_cottontree_animation_1,이웃들의 도움 덕에 가을 불꽃으로부터 소중한 솜을 지킨 목화나무는, 자신도 도움이 필요한 사람들에게 힘이 되고자 해요. 함께 해볼까요?
11,목화나무,2,STR_3D_cottontree_animation_2,이웃들의 도움 덕에 가을 불꽃으로부터 소중한 솜을 지킨 목화나무는, 자신도 도움이 필요한 사람들에게 힘이 되고자 해요. 함께 해볼까요?
12,목화나무,3,STR_3D_cottontree_animation_3,이웃들의 도움 덕에 가을 불꽃으로부터 소중한 솜을 지킨 목화나무는, 자신도 도움이 필요한 사람들에게 힘이 되고자 해요. 함께 해볼까요?
13,blank,0,blank,blank
